name,email,phone_number,branch
Emilia Krol,emilia.krol@gmail.com,48547058802,Lodz
Emilia Rutkowska,emilia.rutkowska@gmail.com,48802630651,Krakow
Anita Dabrowska,anita.dabrowska@gmail.com,48771128006,Poznan
Emil Wozniak,emil.wozniak@gmail.com,48589189491,Krakow
Anna Kaminska,anna.kaminska@gmail.com,48647596514,Lodz
Celina Wroblewska,celina.wroblewska@gmail.com,48812808197,Gdansk
Julia Michalak,julia.michalak@gmail.com,48691816737,Gdansk
Jaroslaw Sikora,jaroslaw.sikora@gmail.com,48557256482,Poznan
Monika Kaczmarek,monika.kaczmarek@gmail.com,48629790100,Krakow
Maciej Nowak,maciej.nowak@gmail.com,48505461192,Poznan
Maria Krawczyk,maria.krawczyk@gmail.com,48711687806,Poznan
Mariusz Szymanski,mariusz.szymanski@gmail.com,48716891929,Lodz
Grazyna Majewska,grazyna.majewska@gmail.com,48626425971,Poznan
Antoni Kwiatkowski,antoni.kwiatkowski@gmail.com,48635297536,Gdansk
Bogdan Wrobel,bogdan.wrobel@gmail.com,48651525150,Poznan
Emilia Michalak,emilia.michalak@gmail.com,48701846583,Warszawa
Agnieszka Grabowska,agnieszka.grabowska@gmail.com,48752392195,Krakow
Lucyna Krol,lucyna.krol@gmail.com,48649335841,Poznan
Gabriela Pawlak,gabriela.pawlak@gmail.com,48727785292,Gdansk
Filip Olszewski,filip.olszewski@gmail.com,48608556348,Warszawa
Boleslaw Pawlak,boleslaw.pawlak@gmail.com,48735249293,Warszawa
Celina Nowakowska,celina.nowakowska@gmail.com,48747396983,Lodz
Mateusz Kaczmarek,mateusz.kaczmarek@gmail.com,48775196796,Warszawa
Julia Jablonska,julia.jablonska@gmail.com,48689063861,Poznan
Laura Jankowska,laura.jankowska@gmail.com,48729392949,Krakow
Ignacy Pietrzak,ignacy.pietrzak@gmail.com,48540580197,Lodz
Janusz Nowakowski,janusz.nowakowski@gmail.com,48568022961,Gdansk
Karol Witkowski,karol.witkowski@gmail.com,48645909949,Gdansk
Antoni Wojciechowski,antoni.wojciechowski@gmail.com,48694598849,Warszawa
Ewa Dudek,ewa.dudek@gmail.com,48806264666,Warszawa
Boleslaw Wrobel,boleslaw.wrobel@gmail.com,48527457446,Lodz
Katarzyna Jablonska,katarzyna.jablonska@gmail.com,48810798059,Gdansk
Aleksander Mazur,aleksander.mazur@gmail.com,48625140755,Warszawa
Marian Wisniewski,marian.wisniewski@gmail.com,48641512137,Poznan
Barbara Zielinska,barbara.zielinska@gmail.com,48692613187,Poznan
Lucyna Krawczyk,lucyna.krawczyk@gmail.com,48755351499,Warszawa
Czeslawa Malinowska,czeslawa.malinowska@gmail.com,48810821255,Poznan
Aleksander Jaworski,aleksander.jaworski@gmail.com,48789897666,Krakow
Agnieszka Wisniewska,agnieszka.wisniewska@gmail.com,48801580904,Gdansk
Laura Walczak,laura.walczak@gmail.com,48569858708,Poznan
Anita Pawlak,anita.pawlak@gmail.com,48709391958,Lodz
Eryk Adamczyk,eryk.adamczyk@gmail.com,48537676914,Lodz
Barbara Witkowska,barbara.witkowska@gmail.com,48706564931,Warszawa
Cezary Nowak,cezary.nowak@gmail.com,48664032690,Poznan
Danuta Wrobel,danuta.wrobel@gmail.com,48562079665,Gdansk
Lech Wojciechowski,lech.wojciechowski@gmail.com,48506274126,Lodz
Lech Zajac,lech.zajac@gmail.com,48516558090,Krakow
Artur Nowak,artur.nowak@gmail.com,48555425950,Gdansk
Hubert Gorski,hubert.gorski@gmail.com,48516938271,Lodz
Kacper Michalak,kacper.michalak@gmail.com,48761565105,Krakow
Anita Kaminska,anita.kaminska@gmail.com,48708339387,Lodz
Natalia Rutkowska,natalia.rutkowska@gmail.com,48527202263,Warszawa
Halina Jankowska,halina.jankowska@gmail.com,48570517745,Lodz
Celina Kwiatkowska,celina.kwiatkowska@gmail.com,48713047035,Warszawa
Mariusz Ostrowski,mariusz.ostrowski@gmail.com,48678824731,Poznan
Nina Nowak,nina.nowak@gmail.com,48514010388,Krakow
Dorota Pietrzak,dorota.pietrzak@gmail.com,48715670070,Lodz
Justyna Wroblewska,justyna.wroblewska@gmail.com,48605677587,Warszawa
Franciszek Nowak,franciszek.nowak@gmail.com,48575366292,Krakow
Amelia Sikora,amelia.sikora@gmail.com,48808158800,Warszawa
Katarzyna Piotrowska,katarzyna.piotrowska@gmail.com,48739045295,Krakow
Bartlomiej Jablonski,bartlomiej.jablonski@gmail.com,48812176786,Gdansk
Barbara Szymanska,barbara.szymanska@gmail.com,48789327003,Gdansk
Kacper Wisniewski,kacper.wisniewski@gmail.com,48553324426,Warszawa
Natalia Gorska,natalia.gorska@gmail.com,48682762996,Lodz
Kazimierz Kwiatkowski,kazimierz.kwiatkowski@gmail.com,48818843223,Gdansk
Gabriela Kowalska,gabriela.kowalska@gmail.com,48515576920,Lodz
Maria Kaminska,maria.kaminska@gmail.com,48502520114,Lodz
Bogdan Krawczyk,bogdan.krawczyk@gmail.com,48576440884,Lodz
Jerzy Nowakowski,jerzy.nowakowski@gmail.com,48715991422,Warszawa
Adam Wozniak,adam.wozniak@gmail.com,48503208269,Poznan
Danuta Baran,danuta.baran@gmail.com,48630861723,Lodz
Kajetan Wieczorek,kajetan.wieczorek@gmail.com,48708440590,Krakow
Cyprian Malinowski,cyprian.malinowski@gmail.com,48761974581,Warszawa
Katarzyna Jaworska,katarzyna.jaworska@gmail.com,48509101006,Poznan
Blazej Jablonski,blazej.jablonski@gmail.com,48502899222,Krakow
Kazimierz Ostrowski,kazimierz.ostrowski@gmail.com,48798267381,Gdansk
Edyta Ostrowska,edyta.ostrowska@gmail.com,48755212300,Lodz
Jacek Wrobel,jacek.wrobel@gmail.com,48720202836,Warszawa
Krzysztof Sikora,krzysztof.sikora@gmail.com,48659565364,Krakow
Czeslawa Piotrowska,czeslawa.piotrowska@gmail.com,48642285394,Gdansk
Leon Wieczorek,leon.wieczorek@gmail.com,48809707565,Lodz
Danuta Wojciechowska,danuta.wojciechowska@gmail.com,48617820700,Warszawa
Amelia Pawlowska,amelia.pawlowska@gmail.com,48742943392,Poznan
Grzegorz Wozniak,grzegorz.wozniak@gmail.com,48651363494,Warszawa
Justyna Michalska,justyna.michalska@gmail.com,48607892197,Poznan
Ignacy Nowak,ignacy.nowak@gmail.com,48608143890,Gdansk
Blazej Ostrowski,blazej.ostrowski@gmail.com,48788572995,Lodz
Krzysztof Zielinski,krzysztof.zielinski@gmail.com,48783126891,Gdansk
Filip Sikora,filip.sikora@gmail.com,48679392331,Warszawa
Laura Pawlowska,laura.pawlowska@gmail.com,48626001973,Gdansk
Jolanta Wojciechowska,jolanta.wojciechowska@gmail.com,48649045198,Krakow
Hubert Pawlak,hubert.pawlak@gmail.com,48733233850,Lodz
Krzysztof Dabrowski,krzysztof.dabrowski@gmail.com,48631119835,Gdansk
Bogdan Stepien,bogdan.stepien@gmail.com,48632636427,Krakow
Franciszek Adamczyk,franciszek.adamczyk@gmail.com,48758697741,Lodz
Krzysztof Wrobel,krzysztof.wrobel@gmail.com,48809298268,Gdansk
Gabriel Nowak,gabriel.nowak@gmail.com,48771989359,Warszawa
Andrzej Adamczyk,andrzej.adamczyk@gmail.com,48703226743,Krakow
Aleksandra Kaczmarek,aleksandra.kaczmarek@gmail.com,48752699771,Poznan
Maciej Kozlowski,maciej.kozlowski@gmail.com,48563560944,Gdansk
Adrian Zalewski,adrian.zalewski@gmail.com,48752979975,Gdansk
Joanna Grabowska,joanna.grabowska@gmail.com,48675746776,Poznan
Alicja Zielinska,alicja.zielinska@gmail.com,48779340531,Lodz
Lucyna Dudek,lucyna.dudek@gmail.com,48673988156,Gdansk
Cyprian Tomaszewski,cyprian.tomaszewski@gmail.com,48589978666,Krakow
Adrian Olszewski,adrian.olszewski@gmail.com,48689862778,Gdansk
Ewa Grabowska,ewa.grabowska@gmail.com,48719025238,Poznan
Kinga Szymanska,kinga.szymanska@gmail.com,48764299683,Krakow
Ignacy Zalewski,ignacy.zalewski@gmail.com,48620596863,Krakow
Adrian Wojciechowski,adrian.wojciechowski@gmail.com,48509142482,Gdansk
Karol Malinowski,karol.malinowski@gmail.com,48780774171,Gdansk
Marta Szymanska,marta.szymanska@gmail.com,48594969188,Krakow
Aleksandra Walczak,aleksandra.walczak@gmail.com,48812178168,Gdansk
Kazimiera Wojciechowska,kazimiera.wojciechowska@gmail.com,48813094901,Krakow
Damian Michalski,damian.michalski@gmail.com,48778933878,Gdansk
Blazej Szymanski,blazej.szymanski@gmail.com,48645140554,Warszawa
Adrian Piotrowski,adrian.piotrowski@gmail.com,48669802229,Gdansk
Izabela Kowalska,izabela.kowalska@gmail.com,48539365331,Krakow
Kamila Olszewska,kamila.olszewska@gmail.com,48612608768,Gdansk
Nina Grabowska,nina.grabowska@gmail.com,48536225418,Krakow
Helena Lewandowska,helena.lewandowska@gmail.com,48524878958,Lodz
Dominik Rutkowski,dominik.rutkowski@gmail.com,48512644866,Warszawa
Aleksandra Sikora,aleksandra.sikora@gmail.com,48772398313,Krakow
Gabriel Tomaszewski,gabriel.tomaszewski@gmail.com,48746369448,Lodz
Dorota Dabrowska,dorota.dabrowska@gmail.com,48728305931,Lodz
Lukasz Kozlowski,lukasz.kozlowski@gmail.com,48669201481,Krakow
Daniel Jankowski,daniel.jankowski@gmail.com,48682764661,Warszawa
Damian Gorski,damian.gorski@gmail.com,48538256309,Gdansk
Jacek Kaczmarek,jacek.kaczmarek@gmail.com,48690378077,Poznan
Monika Wroblewska,monika.wroblewska@gmail.com,48675880068,Warszawa
Cyprian Ostrowski,cyprian.ostrowski@gmail.com,48713589283,Gdansk
Kazimiera Olszewska,kazimiera.olszewska@gmail.com,48806571877,Gdansk
Jacek Kaminski,jacek.kaminski@gmail.com,48589082207,Poznan
Franciszek Pawlowski,franciszek.pawlowski@gmail.com,48626638490,Krakow
Aleksandra Grabowska,aleksandra.grabowska@gmail.com,48600661629,Poznan
Barbara Szewczyk,barbara.szewczyk@gmail.com,48608534688,Warszawa
Maciej Piotrowski,maciej.piotrowski@gmail.com,48608599360,Warszawa
Katarzyna Kaminska,katarzyna.kaminska@gmail.com,48623795602,Warszawa
Beata Dabrowska,beata.dabrowska@gmail.com,48805319065,Gdansk
Filip Krawczyk,filip.krawczyk@gmail.com,48728973078,Poznan
Kacper Nowakowski,kacper.nowakowski@gmail.com,48814044705,Poznan
Kazimiera Wroblewska,kazimiera.wroblewska@gmail.com,48525313318,Krakow
Katarzyna Adamczyk,katarzyna.adamczyk@gmail.com,48634802540,Gdansk
Helena Stepien,helena.stepien@gmail.com,48716934591,Lodz
Janusz Kaczmarek,janusz.kaczmarek@gmail.com,48630143103,Lodz
Marta Wozniak,marta.wozniak@gmail.com,48551241860,Warszawa
Krystyna Zielinska,krystyna.zielinska@gmail.com,48575839053,Krakow
Krzysztof Lewandowski,krzysztof.lewandowski@gmail.com,48713843315,Poznan
Kacper Pawlowski,kacper.pawlowski@gmail.com,48701839902,Gdansk
Karol Wozniak,karol.wozniak@gmail.com,48763854613,Lodz
Izabela Dudek,izabela.dudek@gmail.com,48763456684,Lodz
Jacek Michalak,jacek.michalak@gmail.com,48621038249,Warszawa
Karolina Olszewska,karolina.olszewska@gmail.com,48599394074,Warszawa
Janina Zalewska,janina.zalewska@gmail.com,48634856154,Krakow
Hubert Majewski,hubert.majewski@gmail.com,48636327266,Poznan
Bogdan Szewczyk,bogdan.szewczyk@gmail.com,48765840061,Gdansk
Barbara Olszewska,barbara.olszewska@gmail.com,48687820132,Warszawa
Marian Sikora,marian.sikora@gmail.com,48535785727,Warszawa
Karol Wieczorek,karol.wieczorek@gmail.com,48578439224,Gdansk
Jan Zielinski,jan.zielinski@gmail.com,48675137171,Gdansk
Helena Szewczyk,helena.szewczyk@gmail.com,48781667540,Poznan
Lech Baran,lech.baran@gmail.com,48563558358,Poznan
Lidia Zajac,lidia.zajac@gmail.com,48782567951,Lodz
Marian Kaczmarek,marian.kaczmarek@gmail.com,48651271494,Gdansk
Lech Wrobel,lech.wrobel@gmail.com,48796207058,Gdansk
Joanna Nowakowska,joanna.nowakowska@gmail.com,48791508218,Gdansk
Jadwiga Szewczyk,jadwiga.szewczyk@gmail.com,48781426512,Poznan
Laura Kowalczyk,laura.kowalczyk@gmail.com,48779182591,Poznan
Czeslawa Michalak,czeslawa.michalak@gmail.com,48663591094,Krakow
Kacper Sikora,kacper.sikora@gmail.com,48537785814,Warszawa
Blazej Kozlowski,blazej.kozlowski@gmail.com,48531325360,Warszawa
Halina Sikora,halina.sikora@gmail.com,48544832194,Gdansk
Cyprian Lewandowski,cyprian.lewandowski@gmail.com,48660825239,Krakow
Elzbieta Wojciechowska,elzbieta.wojciechowska@gmail.com,48676155931,Lodz
Amelia Wojciechowska,amelia.wojciechowska@gmail.com,48691615531,Lodz
Celina Wojcik,celina.wojcik@gmail.com,48577763314,Poznan
Marek Nowak,marek.nowak@gmail.com,48505942851,Lodz
Grazyna Lewandowska,grazyna.lewandowska@gmail.com,48508280358,Warszawa
Filip Ostrowski,filip.ostrowski@gmail.com,48706498347,Poznan
Nina Majewska,nina.majewska@gmail.com,48588182157,Warszawa
Ewa Tomaszewska,ewa.tomaszewska@gmail.com,48596346198,Gdansk
Eryk Krol,eryk.krol@gmail.com,48782671764,Poznan
Aleksandra Kowalska,aleksandra.kowalska@gmail.com,48671031405,Poznan
Krystyna Kowalska,krystyna.kowalska@gmail.com,48566505108,Krakow
Beata Baran,beata.baran@gmail.com,48658274207,Poznan
Helena Mazur,helena.mazur@gmail.com,48655355373,Poznan
Maria Szymanska,maria.szymanska@gmail.com,48725319328,Poznan
Emilia Wojciechowska,emilia.wojciechowska@gmail.com,48547958268,Poznan
Bogumila Dudek,bogumila.dudek@gmail.com,48520398990,Warszawa
Ignacy Wojciechowski,ignacy.wojciechowski@gmail.com,48543224613,Lodz
Anna Wojcik,anna.wojcik@gmail.com,48574465154,Lodz
Dawid Mazur,dawid.mazur@gmail.com,48596835364,Gdansk
Cyprian Krawczyk,cyprian.krawczyk@gmail.com,48528009665,Poznan
Adam Ostrowski,adam.ostrowski@gmail.com,48552656023,Gdansk
Aleksander Krawczyk,aleksander.krawczyk@gmail.com,48537880757,Poznan
Ignacy Pawlak,ignacy.pawlak@gmail.com,48642082165,Warszawa
Marta Kowalska,marta.kowalska@gmail.com,48765656082,Lodz
Filip Dudek,filip.dudek@gmail.com,48770154445,Lodz
Beata Krol,beata.krol@gmail.com,48716329196,Warszawa
